frame,source_sheet,row,column,asset_source,rights_status
frame-001.png,sheet-01.png,1,1,original generated illustration,original
frame-002.png,sheet-01.png,1,2,original generated illustration,original
frame-003.png,sheet-01.png,1,3,original generated illustration,original
frame-004.png,sheet-01.png,2,1,original generated illustration,original
frame-005.png,sheet-01.png,2,2,original generated illustration,original
frame-006.png,sheet-01.png,2,3,original generated illustration,original
frame-007.png,sheet-01.png,3,1,original generated illustration,original
frame-008.png,sheet-01.png,3,2,original generated illustration,original
frame-009.png,sheet-01.png,3,3,original generated illustration,original
frame-010.png,sheet-02.png,1,1,original generated illustration,original
frame-011.png,sheet-02.png,1,2,original generated illustration,original
frame-012.png,sheet-02.png,1,3,original generated illustration,original
frame-013.png,sheet-02.png,2,1,original generated illustration,original
frame-014.png,sheet-02.png,2,2,original generated illustration,original
frame-015.png,sheet-02.png,2,3,original generated illustration,original
frame-016.png,sheet-02.png,3,1,original generated illustration,original
frame-017.png,sheet-02.png,3,2,original generated illustration,original
frame-018.png,sheet-02.png,3,3,original generated illustration,original
frame-019.png,sheet-03.png,1,1,original generated illustration,original
frame-020.png,sheet-03.png,1,2,original generated illustration,original
frame-021.png,sheet-03.png,1,3,original generated illustration,original
frame-022.png,sheet-03.png,2,1,original generated illustration,original
frame-023.png,sheet-03.png,2,2,original generated illustration,original
frame-024.png,sheet-03.png,2,3,original generated illustration,original
frame-025.png,sheet-03.png,3,1,original generated illustration,original
frame-026.png,sheet-03.png,3,2,original generated illustration,original
frame-027.png,sheet-03.png,3,3,original generated illustration,original
frame-028.png,sheet-04.png,1,1,original generated illustration,original
frame-029.png,sheet-04.png,1,2,original generated illustration,original
frame-030.png,sheet-04.png,1,3,original generated illustration,original
frame-031.png,sheet-04.png,2,1,original generated illustration,original
frame-032.png,sheet-04.png,2,2,original generated illustration,original
frame-033.png,sheet-04.png,2,3,original generated illustration,original
frame-034.png,sheet-04.png,3,1,original generated illustration,original
frame-035.png,sheet-04.png,3,2,original generated illustration,original
frame-036.png,sheet-04.png,3,3,original generated illustration,original
frame-037.png,sheet-05.png,1,1,original generated illustration,original
frame-038.png,sheet-05.png,1,2,original generated illustration,original
frame-039.png,sheet-05.png,1,3,original generated illustration,original
frame-040.png,sheet-05.png,2,1,original generated illustration,original
frame-041.png,sheet-05.png,2,2,original generated illustration,original
frame-042.png,sheet-05.png,2,3,original generated illustration,original
frame-043.png,sheet-05.png,3,1,original generated illustration,original
frame-044.png,sheet-05.png,3,2,original generated illustration,original
frame-045.png,sheet-05.png,3,3,original generated illustration,original
frame-046.png,sheet-06.png,1,1,original generated illustration,original
frame-047.png,sheet-06.png,1,2,original generated illustration,original
frame-048.png,sheet-06.png,1,3,original generated illustration,original
frame-049.png,sheet-06.png,2,1,original generated illustration,original
frame-050.png,sheet-06.png,2,2,original generated illustration,original
frame-051.png,sheet-06.png,2,3,original generated illustration,original
frame-052.png,sheet-06.png,3,1,original generated illustration,original
frame-053.png,sheet-06.png,3,2,original generated illustration,original
frame-054.png,sheet-06.png,3,3,original generated illustration,original
frame-055.png,sheet-07.png,1,1,original generated illustration,original
frame-056.png,sheet-07.png,1,2,original generated illustration,original
frame-057.png,sheet-07.png,1,3,original generated illustration,original
frame-058.png,sheet-07.png,2,1,original generated illustration,original
frame-059.png,sheet-07.png,2,2,original generated illustration,original
frame-060.png,sheet-07.png,2,3,original generated illustration,original
frame-061.png,sheet-07.png,3,1,original generated illustration,original
frame-062.png,sheet-07.png,3,2,original generated illustration,original
frame-063.png,sheet-07.png,3,3,original generated illustration,original
frame-064.png,sheet-08.png,1,1,original generated illustration,original
frame-065.png,sheet-08.png,1,2,original generated illustration,original
frame-066.png,sheet-08.png,1,3,original generated illustration,original
frame-067.png,sheet-08.png,2,1,original generated illustration,original
frame-068.png,sheet-08.png,2,2,original generated illustration,original
frame-069.png,sheet-08.png,2,3,original generated illustration,original
frame-070.png,sheet-08.png,3,1,original generated illustration,original
frame-071.png,sheet-08.png,3,2,original generated illustration,original
frame-072.png,sheet-08.png,3,3,original generated illustration,original
frame-073.png,sheet-09.png,1,1,original generated illustration,original
frame-074.png,sheet-09.png,1,2,original generated illustration,original
frame-075.png,sheet-09.png,1,3,original generated illustration,original
frame-076.png,sheet-09.png,2,1,original generated illustration,original
frame-077.png,sheet-09.png,2,2,original generated illustration,original
frame-078.png,sheet-09.png,2,3,original generated illustration,original
frame-079.png,sheet-09.png,3,1,original generated illustration,original
frame-080.png,sheet-09.png,3,2,original generated illustration,original
frame-081.png,sheet-09.png,3,3,original generated illustration,original
frame-082.png,sheet-10.png,1,1,original generated illustration,original
frame-083.png,sheet-10.png,1,2,original generated illustration,original
frame-084.png,sheet-10.png,1,3,original generated illustration,original
frame-085.png,sheet-10.png,2,1,original generated illustration,original
frame-086.png,sheet-10.png,2,2,original generated illustration,original
frame-087.png,sheet-10.png,2,3,original generated illustration,original
frame-088.png,sheet-10.png,3,1,original generated illustration,original
frame-089.png,sheet-10.png,3,2,original generated illustration,original
frame-090.png,sheet-10.png,3,3,original generated illustration,original
frame-091.png,sheet-11.png,1,1,original generated illustration,original
frame-092.png,sheet-11.png,1,2,original generated illustration,original
frame-093.png,sheet-11.png,1,3,original generated illustration,original
frame-094.png,sheet-11.png,2,1,original generated illustration,original
frame-095.png,sheet-11.png,2,2,original generated illustration,original
frame-096.png,sheet-11.png,2,3,original generated illustration,original
frame-097.png,sheet-11.png,3,1,original generated illustration,original
frame-098.png,sheet-11.png,3,2,original generated illustration,original
frame-099.png,sheet-11.png,3,3,original generated illustration,original
frame-100.png,sheet-12.png,1,1,original generated illustration,original
frame-101.png,sheet-12.png,1,2,original generated illustration,original
frame-102.png,sheet-12.png,1,3,original generated illustration,original
frame-103.png,sheet-12.png,2,1,original generated illustration,original
frame-104.png,sheet-12.png,2,2,original generated illustration,original
frame-105.png,sheet-12.png,2,3,original generated illustration,original
frame-106.png,sheet-12.png,3,1,original generated illustration,original
frame-107.png,sheet-12.png,3,2,original generated illustration,original
frame-108.png,sheet-12.png,3,3,original generated illustration,original
frame-109.png,sheet-13.png,1,1,original generated illustration,original
frame-110.png,sheet-13.png,1,2,original generated illustration,original
frame-111.png,sheet-13.png,1,3,original generated illustration,original
frame-112.png,sheet-13.png,2,1,original generated illustration,original
frame-113.png,sheet-13.png,2,2,original generated illustration,original
frame-114.png,sheet-13.png,2,3,original generated illustration,original
frame-115.png,sheet-13.png,3,1,original generated illustration,original
frame-116.png,sheet-13.png,3,2,original generated illustration,original
frame-117.png,sheet-13.png,3,3,original generated illustration,original
frame-118.png,sheet-14.png,1,1,original generated illustration,original
frame-119.png,sheet-14.png,1,2,original generated illustration,original
frame-120.png,sheet-14.png,1,3,original generated illustration,original
frame-121.png,sheet-14.png,2,1,original generated illustration,original
frame-122.png,sheet-14.png,2,2,original generated illustration,original
frame-123.png,sheet-14.png,2,3,original generated illustration,original
frame-124.png,sheet-14.png,3,1,original generated illustration,original
frame-125.png,sheet-14.png,3,2,original generated illustration,original
frame-126.png,sheet-14.png,3,3,original generated illustration,original
frame-127.png,sheet-15.png,1,1,original generated illustration,original
frame-128.png,sheet-15.png,1,2,original generated illustration,original
frame-129.png,sheet-15.png,1,3,original generated illustration,original
frame-130.png,sheet-15.png,2,1,original generated illustration,original
frame-131.png,sheet-15.png,2,2,original generated illustration,original
frame-132.png,sheet-15.png,2,3,original generated illustration,original
frame-133.png,sheet-15.png,3,1,original generated illustration,original
frame-134.png,sheet-15.png,3,2,original generated illustration,original
frame-135.png,sheet-15.png,3,3,original generated illustration,original
frame-136.png,sheet-16.png,1,1,original generated illustration,original
frame-137.png,sheet-16.png,1,2,original generated illustration,original
frame-138.png,sheet-16.png,1,3,original generated illustration,original
frame-139.png,sheet-16.png,2,1,original generated illustration,original
frame-140.png,sheet-16.png,2,2,original generated illustration,original
frame-141.png,sheet-16.png,2,3,original generated illustration,original
frame-142.png,sheet-16.png,3,1,original generated illustration,original
frame-143.png,sheet-16.png,3,2,original generated illustration,original
frame-144.png,sheet-16.png,3,3,original generated illustration,original
frame-145.png,sheet-17.png,1,1,original generated illustration,original
frame-146.png,sheet-17.png,1,2,original generated illustration,original
frame-147.png,sheet-17.png,1,3,original generated illustration,original
frame-148.png,sheet-17.png,2,1,original generated illustration,original
frame-149.png,sheet-17.png,2,2,original generated illustration,original
frame-150.png,sheet-17.png,2,3,original generated illustration,original
frame-151.png,sheet-17.png,3,1,original generated illustration,original
frame-152.png,sheet-17.png,3,2,original generated illustration,original
frame-153.png,sheet-17.png,3,3,original generated illustration,original
frame-154.png,sheet-18.png,1,1,original generated illustration,original
frame-155.png,sheet-18.png,1,2,original generated illustration,original
frame-156.png,sheet-18.png,1,3,original generated illustration,original
frame-157.png,sheet-18.png,2,1,original generated illustration,original
frame-158.png,sheet-18.png,2,2,original generated illustration,original
frame-159.png,sheet-18.png,2,3,original generated illustration,original
frame-160.png,sheet-18.png,3,1,original generated illustration,original
frame-161.png,sheet-18.png,3,2,original generated illustration,original
frame-162.png,sheet-18.png,3,3,original generated illustration,original
frame-163.png,sheet-19.png,1,1,original generated illustration,original
frame-164.png,sheet-19.png,1,2,original generated illustration,original
frame-165.png,sheet-19.png,1,3,original generated illustration,original
frame-166.png,sheet-19.png,2,1,original generated illustration,original
frame-167.png,sheet-19.png,2,2,original generated illustration,original
frame-168.png,sheet-19.png,2,3,original generated illustration,original
frame-169.png,sheet-19.png,3,1,original generated illustration,original
frame-170.png,sheet-19.png,3,2,original generated illustration,original
frame-171.png,sheet-19.png,3,3,original generated illustration,original
frame-172.png,sheet-20.png,1,1,original generated illustration,original
frame-173.png,sheet-20.png,1,2,original generated illustration,original
frame-174.png,sheet-20.png,1,3,original generated illustration,original
frame-175.png,sheet-20.png,2,1,original generated illustration,original
frame-176.png,sheet-20.png,2,2,original generated illustration,original
frame-177.png,sheet-20.png,2,3,original generated illustration,original
frame-178.png,sheet-20.png,3,1,original generated illustration,original
frame-179.png,sheet-20.png,3,2,original generated illustration,original
frame-180.png,sheet-20.png,3,3,original generated illustration,original
frame-181.png,sheet-21.png,1,1,original generated illustration,original
frame-182.png,sheet-21.png,1,2,original generated illustration,original
frame-183.png,sheet-21.png,1,3,original generated illustration,original
frame-184.png,sheet-21.png,2,1,original generated illustration,original
frame-185.png,sheet-21.png,2,2,original generated illustration,original
frame-186.png,sheet-21.png,2,3,original generated illustration,original
frame-187.png,sheet-21.png,3,1,original generated illustration,original
frame-188.png,sheet-21.png,3,2,original generated illustration,original
frame-189.png,sheet-21.png,3,3,original generated illustration,original
frame-190.png,sheet-22.png,1,1,original generated illustration,original
frame-191.png,sheet-22.png,1,2,original generated illustration,original
frame-192.png,sheet-22.png,1,3,original generated illustration,original
frame-193.png,sheet-22.png,2,1,original generated illustration,original
frame-194.png,sheet-22.png,2,2,original generated illustration,original
frame-195.png,sheet-22.png,2,3,original generated illustration,original
frame-196.png,sheet-22.png,3,1,original generated illustration,original
frame-197.png,sheet-22.png,3,2,original generated illustration,original
frame-198.png,sheet-22.png,3,3,original generated illustration,original
frame-199.png,sheet-23.png,1,1,original generated illustration,original
frame-200.png,sheet-23.png,1,2,original generated illustration,original
frame-201.png,sheet-23.png,1,3,original generated illustration,original
frame-202.png,sheet-23.png,2,1,original generated illustration,original
frame-203.png,sheet-23.png,2,2,original generated illustration,original
frame-204.png,sheet-23.png,2,3,original generated illustration,original
frame-205.png,sheet-23.png,3,1,original generated illustration,original
frame-206.png,sheet-23.png,3,2,original generated illustration,original
frame-207.png,sheet-23.png,3,3,original generated illustration,original
frame-208.png,sheet-24.png,1,1,original generated illustration,original
frame-209.png,sheet-24.png,1,2,original generated illustration,original
frame-210.png,sheet-24.png,1,3,original generated illustration,original
frame-211.png,sheet-24.png,2,1,original generated illustration,original
frame-212.png,sheet-24.png,2,2,original generated illustration,original
frame-213.png,sheet-24.png,2,3,original generated illustration,original
frame-214.png,sheet-24.png,3,1,original generated illustration,original
frame-215.png,sheet-24.png,3,2,original generated illustration,original
frame-216.png,sheet-24.png,3,3,original generated illustration,original
frame-217.png,sheet-25.png,1,1,original generated illustration,original
frame-218.png,sheet-25.png,1,2,original generated illustration,original
frame-219.png,sheet-25.png,1,3,original generated illustration,original
frame-220.png,sheet-25.png,2,1,original generated illustration,original
frame-221.png,sheet-25.png,2,2,original generated illustration,original
frame-222.png,sheet-25.png,2,3,original generated illustration,original
frame-223.png,sheet-25.png,3,1,original generated illustration,original
frame-224.png,sheet-25.png,3,2,original generated illustration,original
frame-225.png,sheet-25.png,3,3,original generated illustration,original
frame-226.png,sheet-26.png,1,1,original generated illustration,original
frame-227.png,sheet-26.png,1,2,original generated illustration,original
frame-228.png,sheet-26.png,1,3,original generated illustration,original
frame-229.png,sheet-26.png,2,1,original generated illustration,original
frame-230.png,sheet-26.png,2,2,original generated illustration,original
frame-231.png,sheet-26.png,2,3,original generated illustration,original
frame-232.png,sheet-26.png,3,1,original generated illustration,original
frame-233.png,sheet-26.png,3,2,original generated illustration,original
frame-234.png,sheet-26.png,3,3,original generated illustration,original
frame-235.png,sheet-27.png,1,1,original generated illustration,original
frame-236.png,sheet-27.png,1,2,original generated illustration,original
frame-237.png,sheet-27.png,1,3,original generated illustration,original
frame-238.png,sheet-27.png,2,1,original generated illustration,original
frame-239.png,sheet-27.png,2,2,original generated illustration,original
frame-240.png,sheet-27.png,2,3,original generated illustration,original
frame-241.png,sheet-27.png,3,1,original generated illustration,original
frame-242.png,sheet-27.png,3,2,original generated illustration,original
frame-243.png,sheet-27.png,3,3,original generated illustration,original
frame-244.png,sheet-28.png,1,1,original generated illustration,original
frame-245.png,sheet-28.png,1,2,original generated illustration,original
frame-246.png,sheet-28.png,1,3,original generated illustration,original
frame-247.png,sheet-28.png,2,1,original generated illustration,original
frame-248.png,sheet-28.png,2,2,original generated illustration,original
frame-249.png,sheet-28.png,2,3,original generated illustration,original
frame-250.png,sheet-28.png,3,1,original generated illustration,original
frame-251.png,sheet-28.png,3,2,original generated illustration,original
frame-252.png,sheet-28.png,3,3,original generated illustration,original
frame-253.png,sheet-29.png,1,1,original generated illustration,original
frame-254.png,sheet-29.png,1,2,original generated illustration,original
frame-255.png,sheet-29.png,1,3,original generated illustration,original
frame-256.png,sheet-29.png,2,1,original generated illustration,original
frame-257.png,sheet-29.png,2,2,original generated illustration,original
frame-258.png,sheet-29.png,2,3,original generated illustration,original
frame-259.png,sheet-29.png,3,1,original generated illustration,original
frame-260.png,sheet-29.png,3,2,original generated illustration,original
frame-261.png,sheet-29.png,3,3,original generated illustration,original
frame-262.png,sheet-30.png,1,1,original generated illustration,original
frame-263.png,sheet-30.png,1,2,original generated illustration,original
frame-264.png,sheet-30.png,1,3,original generated illustration,original
frame-265.png,sheet-30.png,2,1,original generated illustration,original
frame-266.png,sheet-30.png,2,2,original generated illustration,original
frame-267.png,sheet-30.png,2,3,original generated illustration,original
frame-268.png,sheet-30.png,3,1,original generated illustration,original
frame-269.png,sheet-30.png,3,2,original generated illustration,original
frame-270.png,sheet-30.png,3,3,original generated illustration,original
frame-271.png,sheet-31.png,1,1,original generated illustration,original
frame-272.png,sheet-31.png,1,2,original generated illustration,original
frame-273.png,sheet-31.png,1,3,original generated illustration,original
frame-274.png,sheet-31.png,2,1,original generated illustration,original
frame-275.png,sheet-31.png,2,2,original generated illustration,original
frame-276.png,sheet-31.png,2,3,original generated illustration,original
frame-277.png,sheet-31.png,3,1,original generated illustration,original
frame-278.png,sheet-31.png,3,2,original generated illustration,original
frame-279.png,sheet-31.png,3,3,original generated illustration,original
frame-280.png,sheet-32.png,1,1,original generated illustration,original
frame-281.png,sheet-32.png,1,2,original generated illustration,original
frame-282.png,sheet-32.png,1,3,original generated illustration,original
frame-283.png,sheet-32.png,2,1,original generated illustration,original
frame-284.png,sheet-32.png,2,2,original generated illustration,original
frame-285.png,sheet-32.png,2,3,original generated illustration,original
frame-286.png,sheet-32.png,3,1,original generated illustration,original
frame-287.png,sheet-32.png,3,2,original generated illustration,original
frame-288.png,sheet-32.png,3,3,original generated illustration,original
frame-289.png,sheet-33.png,1,1,original generated illustration,original
frame-290.png,sheet-33.png,1,2,original generated illustration,original
frame-291.png,sheet-33.png,1,3,original generated illustration,original
frame-292.png,sheet-33.png,2,1,original generated illustration,original
frame-293.png,sheet-33.png,2,2,original generated illustration,original
frame-294.png,sheet-33.png,2,3,original generated illustration,original
frame-295.png,sheet-33.png,3,1,original generated illustration,original
frame-296.png,sheet-33.png,3,2,original generated illustration,original
frame-297.png,sheet-33.png,3,3,original generated illustration,original
frame-298.png,sheet-34.png,1,1,original generated illustration,original
frame-299.png,sheet-34.png,1,2,original generated illustration,original
frame-300.png,sheet-34.png,1,3,original generated illustration,original
frame-301.png,sheet-34.png,2,1,original generated illustration,original
frame-302.png,sheet-34.png,2,2,original generated illustration,original
frame-303.png,sheet-34.png,2,3,original generated illustration,original
frame-304.png,sheet-34.png,3,1,original generated illustration,original
frame-305.png,sheet-34.png,3,2,original generated illustration,original
frame-306.png,sheet-34.png,3,3,original generated illustration,original
frame-307.png,sheet-35.png,1,1,original generated illustration,original
frame-308.png,sheet-35.png,1,2,original generated illustration,original
frame-309.png,sheet-35.png,1,3,original generated illustration,original
frame-310.png,sheet-35.png,2,1,original generated illustration,original
frame-311.png,sheet-35.png,2,2,original generated illustration,original
frame-312.png,sheet-35.png,2,3,original generated illustration,original
frame-313.png,sheet-35.png,3,1,original generated illustration,original
frame-314.png,sheet-35.png,3,2,original generated illustration,original
frame-315.png,sheet-35.png,3,3,original generated illustration,original
frame-316.png,sheet-36.png,1,1,original generated illustration,original
frame-317.png,sheet-36.png,1,2,original generated illustration,original
frame-318.png,sheet-36.png,1,3,original generated illustration,original
frame-319.png,sheet-36.png,2,1,original generated illustration,original
frame-320.png,sheet-36.png,2,2,original generated illustration,original
frame-321.png,sheet-36.png,2,3,original generated illustration,original
frame-322.png,sheet-36.png,3,1,original generated illustration,original
frame-323.png,sheet-36.png,3,2,original generated illustration,original
frame-324.png,sheet-36.png,3,3,original generated illustration,original
frame-325.png,sheet-37.png,1,1,original generated illustration,original
frame-326.png,sheet-37.png,1,2,original generated illustration,original
frame-327.png,sheet-37.png,1,3,original generated illustration,original
frame-328.png,sheet-37.png,2,1,original generated illustration,original
frame-329.png,sheet-37.png,2,2,original generated illustration,original
frame-330.png,sheet-37.png,2,3,original generated illustration,original
frame-331.png,sheet-37.png,3,1,original generated illustration,original
frame-332.png,sheet-37.png,3,2,original generated illustration,original
frame-333.png,sheet-37.png,3,3,original generated illustration,original
